APP_ID,IPHONECAKE_LINK,HIPSTORE_LINK,TOTAL_DOWNLOAD
1002132680,https://www.iphonecake.com/app_1002132680_.html,http://ios.hipstore.mobi/app/Super-Stickman-Golf-3/1000007870,
1098307964,https://www.iphonecake.com/app_1098307964_.html,http://ios.hipstore.mobi/app/Iron-Maiden-Legacy-of-the-Beast/1000007869,
1117365978,https://www.iphonecake.com/app_1117365978_.html,http://ios.hipstore.mobi/app/LEGO-City-My-City-2/1000007863,
1091154663,https://www.iphonecake.com/app_1091154663_.html,http://ios.hipstore.mobi/app/Groove-Galaxy/1000007862,
1116046099,https://www.iphonecake.com/app_1116046099_.html,http://ios.hipstore.mobi/app/Fancy-Cats/1000007861,1604
1080345135,https://www.iphonecake.com/app_1080345135_.html,http://ios.hipstore.mobi/app/Heavy-Metal-Tennis-Training/1000007860,1358
1126563858,https://www.iphonecake.com/app_1126563858_.html,http://ios.hipstore.mobi/app/The-Counter-Of-Death/1000007859,1842
1017619490,https://www.iphonecake.com/app_1017619490_.html,http://ios.hipstore.mobi/app/7-Mages/1000007857,1194
1106217529,https://www.iphonecake.com/app_1106217529_.html,http://ios.hipstore.mobi/app/Cube-Roll/1000007856,1354
1094114259,https://www.iphonecake.com/app_1094114259_.html,http://ios.hipstore.mobi/app/Brave-Diggers/1000007855,1565
1098326311,https://www.iphonecake.com/app_1098326311_.html,http://ios.hipstore.mobi/app/Ring-Mania/1000007854,1419
1120437406,https://www.iphonecake.com/app_1120437406_.html,http://ios.hipstore.mobi/app/Cubicle/1000007850,1518
937922348,https://www.iphonecake.com/app_937922348_.html,http://ios.hipstore.mobi/app/Big-Win-Football-2016/1000007849,1846
1055397979,https://www.iphonecake.com/app_1055397979_.html,http://ios.hipstore.mobi/app/Tap-My-Katamari-Endless-Cosmic-Clicker/1000007848,1063
1091512762,https://www.iphonecake.com/app_1091512762_.html,http://ios.hipstore.mobi/app/Shadowverse/1000007845,1181
966809337,https://www.iphonecake.com/app_966809337_.html,http://ios.hipstore.mobi/app/Spirit-Guardian-Vanguard-Rush/1000007844,1266
1057554325,https://www.iphonecake.com/app_1057554325_.html,http://ios.hipstore.mobi/app/Tracky-Train/1000007838,1631
1110286206,https://www.iphonecake.com/app_1110286206_.html,http://ios.hipstore.mobi/app/MOBA-Legends/1000007837,1620
1089048531,https://www.iphonecake.com/app_1089048531_.html,http://ios.hipstore.mobi/app/Gordon-Ramsay-DASH/1000007831,1414
959820493,https://www.iphonecake.com/app_959820493_.html,http://ios.hipstore.mobi/app/Mobile-VR-Station/1000007827,1890
1058370552,https://www.iphonecake.com/app_1058370552_.html,http://ios.hipstore.mobi/app/Farm-Heroes-Super-Saga/1000007826,1094
1044225211,https://www.iphonecake.com/app_1044225211_.html,http://ios.hipstore.mobi/app/Critter-Academy/1000007824,1816
1124187470,https://www.iphonecake.com/app_1124187470_.html,http://ios.hipstore.mobi/app/Rio-2016-Keyboard/1000007823,1616
1029239220,https://www.iphonecake.com/app_1029239220_.html,http://ios.hipstore.mobi/app/The-Secret-Life-of-Pets-Unleashed/1000007821,1106
1073529893,https://www.iphonecake.com/app_1073529893_.html,http://ios.hipstore.mobi/app/Escape-With-Words/1000007820,1466
1091182713,https://www.iphonecake.com/app_1091182713_.html,http://ios.hipstore.mobi/app/Cell-Connect/1000007817,1909
1106014973,https://www.iphonecake.com/app_1106014973_.html,http://ios.hipstore.mobi/app/LEGO-Star-Wars-The-Force-Awakens/1000007816,1412
1114261491,https://www.iphonecake.com/app_1114261491_.html,http://ios.hipstore.mobi/app/Aussie-Rules-Hero/1000007815,1979
943453328,https://www.iphonecake.com/app_943453328_.html,http://ios.hipstore.mobi/app/Dictator-Outbreak/1000007797,1042
1121943475,https://www.iphonecake.com/app_1121943475_.html,http://ios.hipstore.mobi/app/April-–-Redefine-Collage-Photo-and-Layout/1000007794,1017
1092899813,https://www.iphonecake.com/app_1092899813_.html,http://ios.hipstore.mobi/app/Soccer-Hit/1000007793,1128
680238291,https://www.iphonecake.com/app_680238291_.html,http://ios.hipstore.mobi/app/Puzzix-The-Game/1000007789,1635
1076751035,https://www.iphonecake.com/app_1076751035_.html,http://ios.hipstore.mobi/app/Tennis-Bits/1000007784,1926
1070615218,https://www.iphonecake.com/app_1070615218_.html,http://ios.hipstore.mobi/app/Ice-Age-Arctic-Blast/1000007783,1319
1084930110,https://www.iphonecake.com/app_1084930110_.html,http://ios.hipstore.mobi/app/Minescape/1000007781,1614
1093809825,https://www.iphonecake.com/app_1093809825_.html,http://ios.hipstore.mobi/app/Quiz-Tales/1000007772,1358
1093809825,https://www.iphonecake.com/app_1093809825_.html,http://ios.hipstore.mobi/app/Quiz-Tales/1000007771,
1072380719,https://www.iphonecake.com/app_1072380719_.html,http://ios.hipstore.mobi/app/My-Little-Pony-Harmony-Quest/1000007770,1457
978886710,https://www.iphonecake.com/app_978886710_.html,http://ios.hipstore.mobi/app/Smash-Squad/1000007769,1644
1119569595,https://www.iphonecake.com/app_1119569595_.html,http://ios.hipstore.mobi/app/Redungeon/1000007768,1183
1047961826,https://www.iphonecake.com/app_1047961826_.html,http://ios.hipstore.mobi/app/Rodeo-Stampede-Sky-Zoo-Safari/1000007759,1042
1102411061,https://www.iphonecake.com/app_1102411061_.html,http://ios.hipstore.mobi/app/MRRMRR-Live-Filters-Face-Swap-Masks-for-Video-Selfies/1000007758,1421
1100707586,https://www.iphonecake.com/app_1100707586_.html,http://ios.hipstore.mobi/app/Fury-Roads-Survivor/1000007757,1535
1106666606,https://www.iphonecake.com/app_1106666606_.html,http://ios.hipstore.mobi/app/Bonecrusher-Free-Awesome-Endless-Skull-Bone-Game/1000007756,1376
929195587,https://www.iphonecake.com/app_929195587_.html,http://ios.hipstore.mobi/app/Clockmaker-Amazing-Match3-Puzzle/1000007755,1090
916699347,https://www.iphonecake.com/app_916699347_.html,http://ios.hipstore.mobi/app/Devils-Demons-Arena-Wars/1000007753,1556
1083708143,https://www.iphonecake.com/app_1083708143_.html,http://ios.hipstore.mobi/app/Walls-Balls/1000007746,1641
560878763,https://www.iphonecake.com/app_560878763_.html,http://ios.hipstore.mobi/app/PopCat/1000007744,1392
910338092,https://www.iphonecake.com/app_910338092_.html,http://ios.hipstore.mobi/app/Go-Compare-Car-Insurance/1000007742,1442
1105999795,https://www.iphonecake.com/app_1105999795_.html,http://ios.hipstore.mobi/app/Splashy-Cats-Endless-Zigzag-Waterslide-Arcade-Game/1000007741,1530
1076468537,https://www.iphonecake.com/app_1076468537_.html,http://ios.hipstore.mobi/app/Flutter-Starlight/1000007740,1657
1058526204,https://www.iphonecake.com/app_1058526204_.html,http://ios.hipstore.mobi/app/Transformers-Earth-Wars/1000007738,1971
507403280,https://www.iphonecake.com/app_507403280_.html,http://ios.hipstore.mobi/app/AllPass-Password-Manager/1000007737,1852
1088042896,https://www.iphonecake.com/app_1088042896_.html,http://ios.hipstore.mobi/app/Monster-Kick/1000007733,1188
1033521131,https://www.iphonecake.com/app_1033521131_.html,http://ios.hipstore.mobi/app/Adventure-Company/1000007732,1499
1079490939,https://www.iphonecake.com/app_1079490939_.html,http://ios.hipstore.mobi/app/Space-Breakout-Switch-Spinny-Wall-Ink-Trumps-Qriket-Gravity-octopie-Phone-Hunter/1000007731,1245
1110368735,https://www.iphonecake.com/app_1110368735_.html,http://ios.hipstore.mobi/app/Risky-Rooms/1000007729,1020
1110375723,https://www.iphonecake.com/app_1110375723_.html,http://ios.hipstore.mobi/app/Squaredance/1000007726,1492
1060739646,https://www.iphonecake.com/app_1060739646_.html,http://ios.hipstore.mobi/app/NinjAwesome/1000007724,1500
1117823457,https://www.iphonecake.com/app_1117823457_.html,http://ios.hipstore.mobi/app/Soccer-Simulator-Idle-Clicker-Game/1000007723,1069
1021564015,https://www.iphonecake.com/app_1021564015_.html,http://ios.hipstore.mobi/app/Plazmo/1000007722,1286
1020487660,https://www.iphonecake.com/app_1020487660_.html,http://ios.hipstore.mobi/app/Timenauts/1000007719,1698
976359694,https://www.iphonecake.com/app_976359694_.html,http://ios.hipstore.mobi/app/A-VCE/1000007705,1308
1086647459,https://www.iphonecake.com/app_1086647459_.html,http://ios.hipstore.mobi/app/Independence-Day-Resurgence-Battle-Heroes/1000007703,1203
1114875964,https://www.iphonecake.com/app_1114875964_.html,http://ios.hipstore.mobi/app/Microsoft-Sprightly-–-Instantly-transform-your-photos-into-professional-collages/1000007702,1408
1082891966,https://www.iphonecake.com/app_1082891966_.html,http://ios.hipstore.mobi/app/Wellbeyond-Meditation-for-Kids/1000007700,1512
1066784117,https://www.iphonecake.com/app_1066784117_.html,http://ios.hipstore.mobi/app/Kickerinho-World/1000007699,1877
1094138419,https://www.iphonecake.com/app_1094138419_.html,http://ios.hipstore.mobi/app/Steppy-Pants/1000007697,1080
1017273335,https://www.iphonecake.com/app_1017273335_.html,http://ios.hipstore.mobi/app/Champ-Man-16/1000007695,1909
1073946317,https://www.iphonecake.com/app_1073946317_.html,http://ios.hipstore.mobi/app/Goal-Finger/1000007692,1223
1085546537,https://www.iphonecake.com/app_1085546537_.html,http://ios.hipstore.mobi/app/Pixel-Guardians/1000007690,1640
1064429971,https://www.iphonecake.com/app_1064429971_.html,http://ios.hipstore.mobi/app/Blocky-Football-Endless-Arcade-Runner/1000007689,1950
923852440,https://www.iphonecake.com/app_923852440_.html,http://ios.hipstore.mobi/app/Iron-Snout-–-bacon-fighter/1000007686,1136
717545062,https://www.iphonecake.com/app_717545062_.html,http://ios.hipstore.mobi/app/ZazaRemoteUniversal-Remote-Control-for-Mobile-Phone/1000007685,1216
1034420003,https://www.iphonecake.com/app_1034420003_.html,http://ios.hipstore.mobi/app/Egg/1000007683,1309
982907763,https://www.iphonecake.com/app_982907763_.html,http://ios.hipstore.mobi/app/The-Onion-Knights/1000007679,1910
1003841260,https://www.iphonecake.com/app_1003841260_.html,http://ios.hipstore.mobi/app/Thunderbirds-Are-Go-Team-Rush/1000007678,1523
992730639,https://www.iphonecake.com/app_992730639_.html,http://ios.hipstore.mobi/app/Down-The-Mountain/1000007665,1013
1043689670,https://www.iphonecake.com/app_1043689670_.html,http://ios.hipstore.mobi/app/Tap-Cats-Idle-Warfare/1000007664,1969
1005077069,https://www.iphonecake.com/app_1005077069_.html,http://ios.hipstore.mobi/app/Army-of-Heroes/1000007663,1459
1091547720,https://www.iphonecake.com/app_1091547720_.html,http://ios.hipstore.mobi/app/Crashing-Season/1000007658,1487
1048856086,https://www.iphonecake.com/app_1048856086_.html,http://ios.hipstore.mobi/app/Dragon-Blade-Realtime-PK-State-War-MOBA-Top-3D-Game/1000007657,1963
1089872250,https://www.iphonecake.com/app_1089872250_.html,http://ios.hipstore.mobi/app/4-Seasons-logic-of-nature/1000007653,1063
829468833,https://www.iphonecake.com/app_829468833_.html,http://ios.hipstore.mobi/app/Welcome-to-the-Dungeon/1000007651,1836
1066882875,https://www.iphonecake.com/app_1066882875_.html,http://ios.hipstore.mobi/app/Dofus-Pogo/1000007648,1279
1000773093,https://www.iphonecake.com/app_1000773093_.html,http://ios.hipstore.mobi/app/Rapala-Fishing-Daily-Catch/1000007645,1757
995014054,https://www.iphonecake.com/app_995014054_.html,http://ios.hipstore.mobi/app/Pinchworm/1000007643,1136
969154545,https://www.iphonecake.com/app_969154545_.html,http://ios.hipstore.mobi/app/RAID-HQ/1000007638,1671
1073286211,https://www.iphonecake.com/app_1073286211_.html,http://ios.hipstore.mobi/app/Wizard-of-OZ-Magic-Match-–-Fun-New-Free-Matching-Game/1000007634,1528
1047340501,https://www.iphonecake.com/app_1047340501_.html,http://ios.hipstore.mobi/app/MuseCam-Manual-Camera-Advanced-Photo-Editor/1000007632,1637
868618986,https://www.iphonecake.com/app_868618986_.html,http://ios.hipstore.mobi/app/BBuzzArt-New-Art-in-Your-Hand/1000007631,1575
1061009889,https://www.iphonecake.com/app_1061009889_.html,http://ios.hipstore.mobi/app/Ulterior/1000007629,1678
1007115851,https://www.iphonecake.com/app_1007115851_.html,http://ios.hipstore.mobi/app/Spellbinders/1000007628,1765
957580923,https://www.iphonecake.com/app_957580923_.html,http://ios.hipstore.mobi/app/Puzzle-Cross-Pirates-Nonograms-adventures/1000007627,1824
852555131,https://www.iphonecake.com/app_852555131_.html,http://ios.hipstore.mobi/app/Adobe-Spark-Video-Easily-Create-Videos-in-Minutes/1000007626,1113
961178606,https://www.iphonecake.com/app_961178606_.html,http://ios.hipstore.mobi/app/Kitty-Pawp-Bubble-Shooter-Balloon-Popping-Game/1000007625,1214
1051937863,https://www.iphonecake.com/app_1051937863_.html,http://ios.hipstore.mobi/app/Adobe-Spark-Post-–-Create-stunning-graphics/1000007622,1618
1078180470,https://www.iphonecake.com/app_1078180470_.html,http://ios.hipstore.mobi/app/Pop-The-Circle/1000007620,1167
1030804846,https://www.iphonecake.com/app_1030804846_.html,http://ios.hipstore.mobi/app/Churchill-Solitaire/1000007610,1048
983146055,https://www.iphonecake.com/app_983146055_.html,http://ios.hipstore.mobi/app/First-Class-Flurry-HD-Flight-Attendant-Time-Management-Game/1000007609,1969
1084252650,https://www.iphonecake.com/app_1084252650_.html,http://ios.hipstore.mobi/app/Letter-Soup-Cafe-word-search-puzzle-game/1000007608,1477
1087489471,https://www.iphonecake.com/app_1087489471_.html,http://ios.hipstore.mobi/app/War-Tortoise/1000007607,1557
1031706898,https://www.iphonecake.com/app_1031706898_.html,http://ios.hipstore.mobi/app/Britney-Spears-American-Dream/1000007606,1618
1075872386,https://www.iphonecake.com/app_1075872386_.html,http://ios.hipstore.mobi/app/Mr-Crab-2/1000007604,1966
1001250333,https://www.iphonecake.com/app_1001250333_.html,http://ios.hipstore.mobi/app/Star-Trek-Timelines/1000007593,1206
1077137248,https://www.iphonecake.com/app_1077137248_.html,http://ios.hipstore.mobi/app/BIGO-LIVE-Live-Broadcasting/1000007591,1900
999134752,https://www.iphonecake.com/app_999134752_.html,http://ios.hipstore.mobi/app/Parachute-previously-Witness-Livestream-Emergencies/1000007588,1150
1078553808,https://www.iphonecake.com/app_1078553808_.html,http://ios.hipstore.mobi/app/FINAL-FANTASY-BRAVE-EXVIUS/1000007587,1880
898558158,https://www.iphonecake.com/app_898558158_.html,http://ios.hipstore.mobi/app/Galcon-2-Galactic-Conquest/1000007586,1268
1087282720,https://www.iphonecake.com/app_1087282720_.html,http://ios.hipstore.mobi/app/Sloomy/1000007584,1649
1084135698,https://www.iphonecake.com/app_1084135698_.html,http://ios.hipstore.mobi/app/Gravity-Square/1000007582,1986
1079464948,https://www.iphonecake.com/app_1079464948_.html,http://ios.hipstore.mobi/app/Mekorama/1000007581,1983
904239552,https://www.iphonecake.com/app_904239552_.html,http://ios.hipstore.mobi/app/Hero-Simulator-clicker-game-and-idle-adventure/1000007570,1039
1062329611,https://www.iphonecake.com/app_1062329611_.html,http://ios.hipstore.mobi/app/Yahoo-Video-Guide-From-searching-to-streaming-in-seconds/1000007563,1285
976173170,https://www.iphonecake.com/app_976173170_.html,http://ios.hipstore.mobi/app/Basketball-Stars/1000007560,1151
1085287471,https://www.iphonecake.com/app_1085287471_.html,http://ios.hipstore.mobi/app/Living-Legends/1000007555,1415
854374416,https://www.iphonecake.com/app_854374416_.html,http://ios.hipstore.mobi/app/Baseball-General-Manager-2016-Major-League-Fantasy-Mobile-App/1000007551,1979
964131794,https://www.iphonecake.com/app_964131794_.html,http://ios.hipstore.mobi/app/Superfly-Live-Video-with-friends/1000007550,1242
1044953131,https://www.iphonecake.com/app_1044953131_.html,http://ios.hipstore.mobi/app/Smash-Fu/1000007549,1198
1097469600,https://www.iphonecake.com/app_1097469600_.html,http://ios.hipstore.mobi/app/Beyond-14/1000007548,1742
1080257114,https://www.iphonecake.com/app_1080257114_.html,http://ios.hipstore.mobi/app/Brick-Rage-Not-for-the-Weak-Heart/1000007547,1811
552920110,https://www.iphonecake.com/app_552920110_.html,http://ios.hipstore.mobi/app/Cool-Themes-Free-DIY-Wallpapers-Backgrounds-for-iPhone-and-iPod-touch/1000007543,1186
1071426243,https://www.iphonecake.com/app_1071426243_.html,http://ios.hipstore.mobi/app/Bushido-Bear/1000007541,1218
974135847,https://www.iphonecake.com/app_974135847_.html,http://ios.hipstore.mobi/app/Bejeweled-Stars/1000007540,1876
1083451870,https://www.iphonecake.com/app_1083451870_.html,http://ios.hipstore.mobi/app/Leap-Day/1000007538,1770
830022160,https://www.iphonecake.com/app_830022160_.html,http://ios.hipstore.mobi/app/Red-Wizard/1000007532,1869
797535508,https://www.iphonecake.com/app_797535508_.html,http://ios.hipstore.mobi/app/GotIt-Homework-Help-Math-Chem-Physics/1000007529,1386
964397083,https://www.iphonecake.com/app_964397083_.html,http://ios.hipstore.mobi/app/Facebook-Ads-Manager/1000007525,1359
1041596399,https://www.iphonecake.com/app_1041596399_.html,http://ios.hipstore.mobi/app/Boomerang-from-Instagram/1000007523,2000
598338664,https://www.iphonecake.com/app_598338664_.html,http://ios.hipstore.mobi/app/Cheezburger-Funny-Memes-Videos-Pics-and-GIFs/1000007522,1514
880350880,https://www.iphonecake.com/app_880350880_.html,http://ios.hipstore.mobi/app/Mine-Quest-Dungeon-Crawling-RPG/1000007518,1897
983720035,https://www.iphonecake.com/app_983720035_.html,http://ios.hipstore.mobi/app/Out-of-Brakes-Endless-Arcade-Racing/1000007516,1780
1088134142,https://www.iphonecake.com/app_1088134142_.html,http://ios.hipstore.mobi/app/Sailor-Moon-Drops/1000007515,1901
1026152405,https://www.iphonecake.com/app_1026152405_.html,http://ios.hipstore.mobi/app/Bouncy-Kingdom/1000007508,1471
1045436888,https://www.iphonecake.com/app_1045436888_.html,http://ios.hipstore.mobi/app/Microgolf-Masters/1000007506,1229
1096938298,https://www.iphonecake.com/app_1096938298_.html,http://ios.hipstore.mobi/app/Battleborn-Tap/1000007504,1504
1105426659,https://www.iphonecake.com/app_1105426659_.html,http://ios.hipstore.mobi/app/Joan-Mad-Run/1000007502,1854
1104415942,https://www.iphonecake.com/app_1104415942_.html,http://ios.hipstore.mobi/app/UNCHARTED-Fortune-Hunter/1000007501,1000
921379523,https://www.iphonecake.com/app_921379523_.html,http://ios.hipstore.mobi/app/NHL-Hockey-Target-Smash/1000007492,1757
356500354,https://www.iphonecake.com/app_356500354_.html,http://ios.hipstore.mobi/app/How-to-French-Kiss-Your-Boyfriend/1000007491,1559
956702334,https://www.iphonecake.com/app_956702334_.html,http://ios.hipstore.mobi/app/GoodnightMy-Baby-BabyBus/1000007490,1281
881007870,https://www.iphonecake.com/app_881007870_.html,http://ios.hipstore.mobi/app/Mental-Hospital-Eastern-Bloc-II-Lite/1000007487,1279
1010794981,https://www.iphonecake.com/app_1010794981_.html,http://ios.hipstore.mobi/app/GIPHY-KEYS-The-GIF-Keyboard/1000007483,1212
1052491589,https://www.iphonecake.com/app_1052491589_.html,http://ios.hipstore.mobi/app/Pele-Soccer-Legend/1000007482,1283
1079527277,https://www.iphonecake.com/app_1079527277_.html,http://ios.hipstore.mobi/app/Save-Dan/1000007481,1430
834993441,https://www.iphonecake.com/app_834993441_.html,http://ios.hipstore.mobi/app/Spellspire/1000007477,1655
882426909,https://www.iphonecake.com/app_882426909_.html,http://ios.hipstore.mobi/app/Guns-GirlZ-For-Ragnarök/1000007476,1055
923947429,https://www.iphonecake.com/app_923947429_.html,http://ios.hipstore.mobi/app/Monster-Commander/1000007475,1231
1046433139,https://www.iphonecake.com/app_1046433139_.html,http://ios.hipstore.mobi/app/Bamba-Surprise-Peekaboo-with-Words-and-Letters-Collect-Special-Toys-and-Learn-English-Words/1000007474,1654
1049690233,https://www.iphonecake.com/app_1049690233_.html,http://ios.hipstore.mobi/app/Videorama-Video-Editor-Movie-Maker-add-HD-visual-effects-music-sound-fx-and-text-over-videos-photos/1000007473,1740
1042212804,https://www.iphonecake.com/app_1042212804_.html,http://ios.hipstore.mobi/app/Freestyle-Baseball2/1000007469,1501
1090617661,https://www.iphonecake.com/app_1090617661_.html,http://ios.hipstore.mobi/app/Steve-The-Jumping-Dinosaur-Widget-Game/1000007461,1847
996345745,https://www.iphonecake.com/app_996345745_.html,http://ios.hipstore.mobi/app/EvilBane-Rise-of-Ravens/1000007449,1666
359071069,https://www.iphonecake.com/app_359071069_.html,http://ios.hipstore.mobi/app/StoryCorps/1000007448,1378
958939670,https://www.iphonecake.com/app_958939670_.html,http://ios.hipstore.mobi/app/FameGlory/1000007446,1129
1053831732,https://www.iphonecake.com/app_1053831732_.html,http://ios.hipstore.mobi/app/Football-Unleashed-JAMAAL-CHARLES/1000007442,1653
1077605834,https://www.iphonecake.com/app_1077605834_.html,http://ios.hipstore.mobi/app/Rainmaker-Ultimate-Trading-Game/1000007441,1564
859013078,https://www.iphonecake.com/app_859013078_.html,http://ios.hipstore.mobi/app/Dino-Rage-Defense-TD/1000007431,1049
1088622572,https://www.iphonecake.com/app_1088622572_.html,http://ios.hipstore.mobi/app/Dungeoneers-Academy-Trials/1000007430,1210
1036859032,https://www.iphonecake.com/app_1036859032_.html,http://ios.hipstore.mobi/app/Bakery-Blitz-Cooking-Game/1000007425,1502
1055774718,https://www.iphonecake.com/app_1055774718_.html,http://ios.hipstore.mobi/app/Slashy-Souls/1000007413,1512
1090759947,https://www.iphonecake.com/app_1090759947_.html,http://ios.hipstore.mobi/app/TohTum/1000007412,1851
1044848003,https://www.iphonecake.com/app_1044848003_.html,http://ios.hipstore.mobi/app/Surfingers/1000007411,1712
927060395,https://www.iphonecake.com/app_927060395_.html,http://ios.hipstore.mobi/app/MONOPOLY-Bingo/1000007410,1094
1060103787,https://www.iphonecake.com/app_1060103787_.html,http://ios.hipstore.mobi/app/Dungeon-Monsters-RPG/1000007408,1543
1047276669,https://www.iphonecake.com/app_1047276669_.html,http://ios.hipstore.mobi/app/My-First-Words-1-Flashcard-puzzle-by-PlayToddlers-Free-Version/1000007403,1427
377436056,https://www.iphonecake.com/app_377436056_.html,http://ios.hipstore.mobi/app/Alquerque-El-Quirkat/1000007402,1972
1036088441,https://www.iphonecake.com/app_1036088441_.html,http://ios.hipstore.mobi/app/Basket-Fall-Basketball-Dunking-Sim/1000007400,1317
880060162,https://www.iphonecake.com/app_880060162_.html,http://ios.hipstore.mobi/app/Hero-Sky-Epic-Guild-Wars/1000007397,1702
1031943282,https://www.iphonecake.com/app_1031943282_.html,http://ios.hipstore.mobi/app/Grand-Gin-Rummy/1000007395,1511
1072527403,https://www.iphonecake.com/app_1072527403_.html,http://ios.hipstore.mobi/app/Nasty-Goats-–-a-Game-Shakers-App/1000007394,1903
1032381310,https://www.iphonecake.com/app_1032381310_.html,http://ios.hipstore.mobi/app/Kendall-and-Kylie/1000007393,1042
1058709520,https://www.iphonecake.com/app_1058709520_.html,http://ios.hipstore.mobi/app/Tap-Tycoon-Country-vs-Country/1000007392,1893
1044748756,https://www.iphonecake.com/app_1044748756_.html,http://ios.hipstore.mobi/app/BioBeasts/1000007391,1754
566593443,https://www.iphonecake.com/app_566593443_.html,http://ios.hipstore.mobi/app/Word-Crack-Free/1000007387,1701
895045580,https://www.iphonecake.com/app_895045580_.html,http://ios.hipstore.mobi/app/Ninja-Shurican/1000007382,1973
880735556,https://www.iphonecake.com/app_880735556_.html,http://ios.hipstore.mobi/app/Gods-of-Olympus/1000007380,1686
898129576,https://www.iphonecake.com/app_898129576_.html,http://ios.hipstore.mobi/app/Xender-File-Transfer-Sharing/1000007378,1778
879072229,https://www.iphonecake.com/app_879072229_.html,http://ios.hipstore.mobi/app/Vidra/1000007377,1901
1099179015,https://www.iphonecake.com/app_1099179015_.html,http://ios.hipstore.mobi/app/Defender-Tower-Headquarters-FREE/1000007375,1668
1086986851,https://www.iphonecake.com/app_1086986851_.html,http://ios.hipstore.mobi/app/FrameLapse-Free-Instant-Moving-Pictures/1000007373,1420
532882360,https://www.iphonecake.com/app_532882360_.html,http://ios.hipstore.mobi/app/Hidden-Camera-Detector/1000007372,1745
1080904782,https://www.iphonecake.com/app_1080904782_.html,http://ios.hipstore.mobi/app/Paper-Wizard/1000007353,1741
1044322067,https://www.iphonecake.com/app_1044322067_.html,http://ios.hipstore.mobi/app/Pixel-Island-Survival-Simulator-3D-Full/1000007352,1714
1076103477,https://www.iphonecake.com/app_1076103477_.html,http://ios.hipstore.mobi/app/Armor-Riders-Cool-Arcade-Shooting-Racing-Game/1000007351,1724
1055704405,https://www.iphonecake.com/app_1055704405_.html,http://ios.hipstore.mobi/app/Barista-Blitz/1000007350,1300
962699433,https://www.iphonecake.com/app_962699433_.html,http://ios.hipstore.mobi/app/Dino-Tim-Math-learning-numbers-shapes-counting-games-for-kids-and-basic-skills-for-preschoolers/1000007347,1080
1076700027,https://www.iphonecake.com/app_1076700027_.html,http://ios.hipstore.mobi/app/Stirfry-Stunts-–-We-Bare-Bears-Cooking-Game-Starring-Chef-Ice-Bear/1000007333,1414
1034201612,https://www.iphonecake.com/app_1034201612_.html,http://ios.hipstore.mobi/app/Finger-Hero-Avoid-Obstacles/1000007332,1149
1048357535,https://www.iphonecake.com/app_1048357535_.html,http://ios.hipstore.mobi/app/Idle-Crusade/1000007327,1996
1043532559,https://www.iphonecake.com/app_1043532559_.html,http://ios.hipstore.mobi/app/Juggernaut-Wars-–-Heroes-Arena-RPG/1000007326,1491
1037976196,https://www.iphonecake.com/app_1037976196_.html,http://ios.hipstore.mobi/app/Spartania-Casual-Strategy/1000007325,1378
1045165396,https://www.iphonecake.com/app_1045165396_.html,http://ios.hipstore.mobi/app/Vlogger-Go-Viral-Clicker-Game-Vlog-Simulator/1000007324,1090
1047653834,https://www.iphonecake.com/app_1047653834_.html,http://ios.hipstore.mobi/app/Ball-Maze/1000007317,1799
955260074,https://www.iphonecake.com/app_955260074_.html,http://ios.hipstore.mobi/app/Chrome-Death/1000007316,1536
1047666264,https://www.iphonecake.com/app_1047666264_.html,http://ios.hipstore.mobi/app/Ultimate-Briefcase/1000007306,1283
891317104,https://www.iphonecake.com/app_891317104_.html,http://ios.hipstore.mobi/app/Pocket-Road-Trip/1000007305,1792
556070101,https://www.iphonecake.com/app_556070101_.html,http://ios.hipstore.mobi/app/Stopwatch-Plus-Best-Fitness-Time-Tracking-Watch/1000007304,1855
1082637475,https://www.iphonecake.com/app_1082637475_.html,http://ios.hipstore.mobi/app/Supreme-Snowball-Roller-Mayhem-3000/1000007303,1308
1038427321,https://www.iphonecake.com/app_1038427321_.html,http://ios.hipstore.mobi/app/Evolution-Heroes-of-Utopia/1000007288,1055
1056683878,https://www.iphonecake.com/app_1056683878_.html,http://ios.hipstore.mobi/app/Launchasaurus/1000007286,1054
816283225,https://www.iphonecake.com/app_816283225_.html,http://ios.hipstore.mobi/app/PKTBALL-Endless-Arcade-Smash-Sport/1000007285,1500
1079033017,https://www.iphonecake.com/app_1079033017_.html,http://ios.hipstore.mobi/app/Star-Harvest-Doom-For-Profit/1000007283,1903
1071913738,https://www.iphonecake.com/app_1071913738_.html,http://ios.hipstore.mobi/app/Ready-Jet-Go-Space-Explorer/1000007282,1660
1033076651,https://www.iphonecake.com/app_1033076651_.html,http://ios.hipstore.mobi/app/TALES-OF-LINK/1000007281,1700
1071744151,https://www.iphonecake.com/app_1071744151_.html,http://ios.hipstore.mobi/app/War-and-Order/1000007280,1168
1079486249,https://www.iphonecake.com/app_1079486249_.html,http://ios.hipstore.mobi/app/Clash-of-Candidates-Slip-Dots-Away-to-Get-One-Square-Back/1000007279,1310
1069619421,https://www.iphonecake.com/app_1069619421_.html,http://ios.hipstore.mobi/app/Harbor-Tycoon-Clicker/1000007277,1876
1057660391,https://www.iphonecake.com/app_1057660391_.html,http://ios.hipstore.mobi/app/CLOCKS-The-Game/1000007275,1093
392613989,https://www.iphonecake.com/app_392613989_.html,http://ios.hipstore.mobi/app/Family-Pack-Cannonball/1000007274,1656
1007143930,https://www.iphonecake.com/app_1007143930_.html,http://ios.hipstore.mobi/app/LEGO-NEXO-KNIGHTS-MERLOK-20/1000007273,1372
1003676976,https://www.iphonecake.com/app_1003676976_.html,http://ios.hipstore.mobi/app/Ace-of-Arenas-The-Mobile-MOBA-Mastered/1000007272,1043
819526224,https://www.iphonecake.com/app_819526224_.html,http://ios.hipstore.mobi/app/Bigfoot-Hunter-A-Camera-Adventure-Game/1000007271,1088
859831005,https://www.iphonecake.com/app_859831005_.html,http://ios.hipstore.mobi/app/Heroes-Vs-Zombies-Clash-of-Egypt/1000007266,1177
1059880035,https://www.iphonecake.com/app_1059880035_.html,http://ios.hipstore.mobi/app/Froggie-Clicker/1000007264,1280
1057403847,https://www.iphonecake.com/app_1057403847_.html,http://ios.hipstore.mobi/app/Hammer-Time/1000007261,1700
976350178,https://www.iphonecake.com/app_976350178_.html,http://ios.hipstore.mobi/app/Monkey-Swingers/1000007259,1919
1028871868,https://www.iphonecake.com/app_1028871868_.html,http://ios.hipstore.mobi/app/Adblock-Plus-ABP-Remove-ads-Browse-faster-without-tracking/1000007258,1081
1052911574,https://www.iphonecake.com/app_1052911574_.html,http://ios.hipstore.mobi/app/Zombidle/1000007253,1511
1043318628,https://www.iphonecake.com/app_1043318628_.html,http://ios.hipstore.mobi/app/BattleHand/1000007246,1695
1034272963,https://www.iphonecake.com/app_1034272963_.html,http://ios.hipstore.mobi/app/Clicker-Pirates-Tap-to-fight-and-defeat-your-enemies/1000007245,1507
1049722975,https://www.iphonecake.com/app_1049722975_.html,http://ios.hipstore.mobi/app/PACMAN-Puzzle-Tour/1000007244,1930
945955095,https://www.iphonecake.com/app_945955095_.html,http://ios.hipstore.mobi/app/Dynamix/1000007230,1982
1031113025,https://www.iphonecake.com/app_1031113025_.html,http://ios.hipstore.mobi/app/Empire-War-Age-of-Heroes-Play-War-For-Free/1000007229,1978
1043692460,https://www.iphonecake.com/app_1043692460_.html,http://ios.hipstore.mobi/app/Darblez/1000007228,1017
1010824695,https://www.iphonecake.com/app_1010824695_.html,http://ios.hipstore.mobi/app/SnapPals-The-Best-Selfie-Game-Ever/1000007226,1147
950669898,https://www.iphonecake.com/app_950669898_.html,http://ios.hipstore.mobi/app/Cycling-for-Weight-Loss-training-plans-GPS-howtoloseweight-tips-by-Red-Rock-Apps/1000007225,1412
975121244,https://www.iphonecake.com/app_975121244_.html,http://ios.hipstore.mobi/app/Mad-Goalie-Underdogs-Version/1000007211,1883
1042987207,https://www.iphonecake.com/app_1042987207_.html,http://ios.hipstore.mobi/app/Extreme-Gear-Demolition-Arena/1000007205,1450
1072090698,https://www.iphonecake.com/app_1072090698_.html,http://ios.hipstore.mobi/app/Jump-Buddies/1000007204,1844
1062647883,https://www.iphonecake.com/app_1062647883_.html,http://ios.hipstore.mobi/app/Tesla-Tubes/1000007203,1943
1078968100,https://www.iphonecake.com/app_1078968100_.html,http://ios.hipstore.mobi/app/Infiltrate-Break-The-Network/1000007197,1173
1063211936,https://www.iphonecake.com/app_1063211936_.html,http://ios.hipstore.mobi/app/Ink-Slime/1000007196,1274
1050831202,https://www.iphonecake.com/app_1050831202_.html,http://ios.hipstore.mobi/app/Tap-Sports-Baseball-2016/1000007194,1251
1076615810,https://www.iphonecake.com/app_1076615810_.html,http://ios.hipstore.mobi/app/WordBrain-Themes/1000007192,1281
1062825798,https://www.iphonecake.com/app_1062825798_.html,http://ios.hipstore.mobi/app/Flail-Rider/1000007191,1782
972737732,https://www.iphonecake.com/app_972737732_.html,http://ios.hipstore.mobi/app/Dash-Masters/1000007190,1870
1050608523,https://www.iphonecake.com/app_1050608523_.html,http://ios.hipstore.mobi/app/Crazy-Maze-Traffic-Puzzle/1000007189,1609
1074006236,https://www.iphonecake.com/app_1074006236_.html,http://ios.hipstore.mobi/app/Hammer-Bomb-Creepy-Dungeon-Mazes/1000007187,1861
1040059529,https://www.iphonecake.com/app_1040059529_.html,http://ios.hipstore.mobi/app/Quest-RPG-Heroes-Wanted/1000007182,1254
1040158406,https://www.iphonecake.com/app_1040158406_.html,http://ios.hipstore.mobi/app/Rust-Bucket/1000007181,1735
1016343603,https://www.iphonecake.com/app_1016343603_.html,http://ios.hipstore.mobi/app/Fantasy-War-Tactics/1000007180,1453
918037679,https://www.iphonecake.com/app_918037679_.html,http://ios.hipstore.mobi/app/Bloons-Monkey-City/1000007165,1295
1055672607,https://www.iphonecake.com/app_1055672607_.html,http://ios.hipstore.mobi/app/Merged/1000007164,1200
713083894,https://www.iphonecake.com/app_713083894_.html,http://ios.hipstore.mobi/app/Artifact-Uprising-Photo-Books-Prints-Cards/1000007162,1271
748608884,https://www.iphonecake.com/app_748608884_.html,http://ios.hipstore.mobi/app/Slugterra-Slugslinger-Showdown/1000007161,1062
887736662,https://www.iphonecake.com/app_887736662_.html,http://ios.hipstore.mobi/app/Angries-Vs-Flappies-Steampunk-Endless-Bird-Defense/1000007159,1596
992448528,https://www.iphonecake.com/app_992448528_.html,http://ios.hipstore.mobi/app/Spinny-Circle/1000007158,1939
512924747,https://www.iphonecake.com/app_512924747_.html,http://ios.hipstore.mobi/app/Pocket-Earth-Offline-Maps-GPS-Navigation-Topographic-Contour-Map-Travel-Guide/1000007150,1917
1071467509,https://www.iphonecake.com/app_1071467509_.html,http://ios.hipstore.mobi/app/Timeless-Wizard/1000007146,1074
1002228096,https://www.iphonecake.com/app_1002228096_.html,http://ios.hipstore.mobi/app/Ookujira-Giant-Whale-Rampage/1000007145,1423
1085461253,https://www.iphonecake.com/app_1085461253_.html,http://ios.hipstore.mobi/app/YOKAI-WATCH-Wibble-Wobble/1000007144,1457
1074611098,https://www.iphonecake.com/app_1074611098_.html,http://ios.hipstore.mobi/app/Exit-Hero/1000007141,1310
1044436689,https://www.iphonecake.com/app_1044436689_.html,http://ios.hipstore.mobi/app/Ping-Pong-Run/1000007140,1148
1066234083,https://www.iphonecake.com/app_1066234083_.html,http://ios.hipstore.mobi/app/Rush-Fight/1000007138,1789
1073501073,https://www.iphonecake.com/app_1073501073_.html,http://ios.hipstore.mobi/app/Doomsday-Clicker/1000007136,1199
1080636823,https://www.iphonecake.com/app_1080636823_.html,http://ios.hipstore.mobi/app/Bonbon-Cakery/1000007131,1501
1085768995,https://www.iphonecake.com/app_1085768995_.html,http://ios.hipstore.mobi/app/Fran-Bow-Chapter-1/1000007130,1143
1080469920,https://www.iphonecake.com/app_1080469920_.html,http://ios.hipstore.mobi/app/MOP-Operation-Cleanup/1000007125,1843
1077272680,https://www.iphonecake.com/app_1077272680_.html,http://ios.hipstore.mobi/app/Bua-ta/1000007124,1671
1076802209,https://www.iphonecake.com/app_1076802209_.html,http://ios.hipstore.mobi/app/1000m-Zombie-Escape/1000007121,1932
994855417,https://www.iphonecake.com/app_994855417_.html,http://ios.hipstore.mobi/app/Ocean-Blast-–-Cute-Match3-Puzzler/1000007117,1308
995484933,https://www.iphonecake.com/app_995484933_.html,http://ios.hipstore.mobi/app/Shred-Video/1000007113,1800
959515619,https://www.iphonecake.com/app_959515619_.html,http://ios.hipstore.mobi/app/Star-Trek--Wrath-of-Gems/1000007110,1046
621491290,https://www.iphonecake.com/app_621491290_.html,http://ios.hipstore.mobi/app/Design-This-Castle/1000007109,1238
1057844059,https://www.iphonecake.com/app_1057844059_.html,http://ios.hipstore.mobi/app/Zombie-Frontier-3-–-Top-Zombie-Shooting-Game/1000007107,1516
944921229,https://www.iphonecake.com/app_944921229_.html,http://ios.hipstore.mobi/app/Facebook-at-Work/1000007102,1569
880591234,https://www.iphonecake.com/app_880591234_.html,http://ios.hipstore.mobi/app/Messy-Pet-Mania-Muddy-Adventures/1000007100,1411
932228293,https://www.iphonecake.com/app_932228293_.html,http://ios.hipstore.mobi/app/Train-Conductor-World-European-Railway/1000007099,1391
1011922287,https://www.iphonecake.com/app_1011922287_.html,http://ios.hipstore.mobi/app/Bus-Simulator-2015-Free-New-York-Route/1000007097,1601
1028905533,https://www.iphonecake.com/app_1028905533_.html,http://ios.hipstore.mobi/app/Into-The-Winds-Zen-Flowers/1000007096,1440
973790253,https://www.iphonecake.com/app_973790253_.html,http://ios.hipstore.mobi/app/Biz-Builder-Delux-Lite/1000007095,1802
1047300737,https://www.iphonecake.com/app_1047300737_.html,http://ios.hipstore.mobi/app/Sheep-Dreams-Are-Made-of-This/1000007094,1998
925702629,https://www.iphonecake.com/app_925702629_.html,http://ios.hipstore.mobi/app/Dash-till-Puff/1000007093,1413
1085769945,https://www.iphonecake.com/app_1085769945_.html,http://ios.hipstore.mobi/app/Fran-Bow-Chapter-4/1000007092,1081
1085769954,https://www.iphonecake.com/app_1085769954_.html,http://ios.hipstore.mobi/app/Fran-Bow-Chapter-5/1000007091,1278
1085769571,https://www.iphonecake.com/app_1085769571_.html,http://ios.hipstore.mobi/app/Fran-Bow-Chapter-3/1000007085,1193
1057391061,https://www.iphonecake.com/app_1057391061_.html,http://ios.hipstore.mobi/app/Sky-Hoppers/1000007084,1772
1064611468,https://www.iphonecake.com/app_1064611468_.html,http://ios.hipstore.mobi/app/Drift-Zen-Racer/1000007081,1744
1067563478,https://www.iphonecake.com/app_1067563478_.html,http://ios.hipstore.mobi/app/Brave-Rascals/1000007071,1642
509740792,https://www.iphonecake.com/app_509740792_.html,http://ios.hipstore.mobi/app/Touch-Surgery-Surgical-Simulator/1000007062,1030
926176278,https://www.iphonecake.com/app_926176278_.html,http://ios.hipstore.mobi/app/I-LOVE-PASTA/1000007061,1515
1003675825,https://www.iphonecake.com/app_1003675825_.html,http://ios.hipstore.mobi/app/Mystic-Kingdom/1000007055,1623
1055259138,https://www.iphonecake.com/app_1055259138_.html,http://ios.hipstore.mobi/app/The-Beggar-King/1000007045,1733
1053169830,https://www.iphonecake.com/app_1053169830_.html,http://ios.hipstore.mobi/app/Bubble-Monsters-Popper/1000007042,1424
957253933,https://www.iphonecake.com/app_957253933_.html,http://ios.hipstore.mobi/app/Digfender/1000007040,1177
1072844973,https://www.iphonecake.com/app_1072844973_.html,http://ios.hipstore.mobi/app/Spiral-Splatter/1000007038,1204
1055502792,https://www.iphonecake.com/app_1055502792_.html,http://ios.hipstore.mobi/app/NBA-LIVE-Mobile/1000007034,1181
1066708548,https://www.iphonecake.com/app_1066708548_.html,http://ios.hipstore.mobi/app/FLIGHT-OF-OHANA/1000007029,1560
1075638442,https://www.iphonecake.com/app_1075638442_.html,http://ios.hipstore.mobi/app/Deep-Terror/1000007026,1615
1071764067,https://www.iphonecake.com/app_1071764067_.html,http://ios.hipstore.mobi/app/Souls-Fighter/1000007024,1676
1035482288,https://www.iphonecake.com/app_1035482288_.html,http://ios.hipstore.mobi/app/Tap-Tap-Faraway-Kingdom/1000007022,1673
1070709625,https://www.iphonecake.com/app_1070709625_.html,http://ios.hipstore.mobi/app/Dark-Sword/1000007021,1652
1033617377,https://www.iphonecake.com/app_1033617377_.html,http://ios.hipstore.mobi/app/Snowboarding-The-Fourth-Phase/1000007018,1351
1030670824,https://www.iphonecake.com/app_1030670824_.html,http://ios.hipstore.mobi/app/Tap-Tap-Legions-Epic-battles-within-5-seconds/1000007017,1121
961227503,https://www.iphonecake.com/app_961227503_.html,http://ios.hipstore.mobi/app/BEAKER-by-THIX/1000007015,1680
975556266,https://www.iphonecake.com/app_975556266_.html,http://ios.hipstore.mobi/app/GLADZOR/1000007012,1194
1050199833,https://www.iphonecake.com/app_1050199833_.html,http://ios.hipstore.mobi/app/Crossy-Maze/1000007010,1941
1061980832,https://www.iphonecake.com/app_1061980832_.html,http://ios.hipstore.mobi/app/Doodle-God-8bit-Mania-Blitz/1000007008,1038
1062132197,https://www.iphonecake.com/app_1062132197_.html,http://ios.hipstore.mobi/app/World-Of-Blade/1000007007,1496
1086978383,https://www.iphonecake.com/app_1086978383_.html,http://ios.hipstore.mobi/app/LEGO-DC-Super-Heroes-Mighty-Micros/1000007005,1109
1063155698,https://www.iphonecake.com/app_1063155698_.html,http://ios.hipstore.mobi/app/Glory-Warrior-Lord-of-Darkness-Epic-RPG/1000007001,1299
1066276907,https://www.iphonecake.com/app_1066276907_.html,http://ios.hipstore.mobi/app/Blocky-Hockey-AllStars/1000006999,1471
1060029427,https://www.iphonecake.com/app_1060029427_.html,http://ios.hipstore.mobi/app/Bouncy-Blocks-/1000006995,1878
1038866266,https://www.iphonecake.com/app_1038866266_.html,http://ios.hipstore.mobi/app/Sky-Chasers/1000006992,1293
981831070,https://www.iphonecake.com/app_981831070_.html,http://ios.hipstore.mobi/app/Guardian-Stone-Second-War/1000006985,1848
971889003,https://www.iphonecake.com/app_971889003_.html,http://ios.hipstore.mobi/app/Sherlock-Holmes-Lost-Detective/1000006982,1696
1036661603,https://www.iphonecake.com/app_1036661603_.html,http://ios.hipstore.mobi/app/Rolling-Sky/1000006981,1618
907246718,https://www.iphonecake.com/app_907246718_.html,http://ios.hipstore.mobi/app/Kung-Fu-Panda-Battle-of-Destiny/1000006977,1249
933338712,https://www.iphonecake.com/app_933338712_.html,http://ios.hipstore.mobi/app/Jetpack-Fighter/1000006976,1476
918434703,https://www.iphonecake.com/app_918434703_.html,http://ios.hipstore.mobi/app/KANO/1000006975,1402
898162833,https://www.iphonecake.com/app_898162833_.html,http://ios.hipstore.mobi/app/Legend-Borne/1000006973,1629
886216658,https://www.iphonecake.com/app_886216658_.html,http://ios.hipstore.mobi/app/Pocket-Shrek/1000006966,1068
910622872,https://www.iphonecake.com/app_910622872_.html,http://ios.hipstore.mobi/app/The-Met-The-Official-App-of-The-Metropolitan-Museum-of-Art-in-NYC/1000006963,1463
1062318595,https://www.iphonecake.com/app_1062318595_.html,http://ios.hipstore.mobi/app/Tennis-Champs-Returns/1000006962,1354
922983045,https://www.iphonecake.com/app_922983045_.html,http://ios.hipstore.mobi/app/Virtual-Beggar/1000006960,1388
960708632,https://www.iphonecake.com/app_960708632_.html,http://ios.hipstore.mobi/app/Riddle-Stones-Cross-Numbers/1000006959,1071
1077051430,https://www.iphonecake.com/app_1077051430_.html,http://ios.hipstore.mobi/app/Road-to-be-King/1000006956,1004
1076899352,https://www.iphonecake.com/app_1076899352_.html,http://ios.hipstore.mobi/app/Push-the-Arrow/1000006955,1663
1058602106,https://www.iphonecake.com/app_1058602106_.html,http://ios.hipstore.mobi/app/Peter-Panic/1000006954,1687
998276924,https://www.iphonecake.com/app_998276924_.html,http://ios.hipstore.mobi/app/Fetty-Wap-Nitro-Nation-Stories/1000006953,1410
1077590028,https://www.iphonecake.com/app_1077590028_.html,http://ios.hipstore.mobi/app/Diner-Dynasty/1000006951,1601
1082793702,https://www.iphonecake.com/app_1082793702_.html,http://ios.hipstore.mobi/app/Bumper-Jump/1000006950,1716
1031841567,https://www.iphonecake.com/app_1031841567_.html,http://ios.hipstore.mobi/app/Coda-Game-Make-your-Own-Games-Coding-for-Kids-Unlimited-Creativity/1000006949,1924
1053533457,https://www.iphonecake.com/app_1053533457_.html,http://ios.hipstore.mobi/app/Color-Switch/1000006948,1517
1052366382,https://www.iphonecake.com/app_1052366382_.html,http://ios.hipstore.mobi/app/Dragon-Ninjas/1000006947,1814
972627326,https://www.iphonecake.com/app_972627326_.html,http://ios.hipstore.mobi/app/Flick-Field-Goal-16/1000006946,1069
1073166647,https://www.iphonecake.com/app_1073166647_.html,http://ios.hipstore.mobi/app/Hop-Shot/1000006945,1260
969754040,https://www.iphonecake.com/app_969754040_.html,http://ios.hipstore.mobi/app/inchy/1000006944,1109
1048740171,https://www.iphonecake.com/app_1048740171_.html,http://ios.hipstore.mobi/app/Juggle-Struggle-Endless-Jumper/1000006943,1684
1039287348,https://www.iphonecake.com/app_1039287348_.html,http://ios.hipstore.mobi/app/3-Cubes/1000006877,1928
1045823211,https://www.iphonecake.com/app_1045823211_.html,http://ios.hipstore.mobi/app/Danger-Dodgers/1000006876,1161
1067084549,https://www.iphonecake.com/app_1067084549_.html,http://ios.hipstore.mobi/app/Epic-Flail/1000006873,1297
1034744784,https://www.iphonecake.com/app_1034744784_.html,http://ios.hipstore.mobi/app/Incredible-Dot/1000006872,1814
1063191689,https://www.iphonecake.com/app_1063191689_.html,http://ios.hipstore.mobi/app/Faily-Brakes/1000006871,1781
1006393168,https://www.iphonecake.com/app_1006393168_.html,http://ios.hipstore.mobi/app/the-battle-of-Polytopia/1000006869,1517
1047118827,https://www.iphonecake.com/app_1047118827_.html,http://ios.hipstore.mobi/app/Axe-in-Face-2/1000006868,1330
968666409,https://www.iphonecake.com/app_968666409_.html,http://ios.hipstore.mobi/app/Robocide/1000006867,1600
1076728632,https://www.iphonecake.com/app_1076728632_.html,http://ios.hipstore.mobi/app/Sparkwave/1000006865,1197
1063892879,https://www.iphonecake.com/app_1063892879_.html,http://ios.hipstore.mobi/app/Slide-the-Shakes/1000006864,1653
997811612,https://www.iphonecake.com/app_997811612_.html,http://ios.hipstore.mobi/app/Fishing-Break/1000006863,1034
1060085514,https://www.iphonecake.com/app_1060085514_.html,http://ios.hipstore.mobi/app/Peppa-Pig-Holiday/1000006858,1454
1089405404,https://www.iphonecake.com/app_1089405404_.html,http://ios.hipstore.mobi/app/LICH-VAN-NIEN-NEW-2016-LICH-VAN-NIEN-NEW-2016/1000006849,1860
897838898,https://www.iphonecake.com/app_897838898_.html,http://ios.hipstore.mobi/app/Ultimate-Truck-Simulator/1000006844,1018
545303109,https://www.iphonecake.com/app_545303109_.html,http://ios.hipstore.mobi/app/Sony-TV-Media-Player/1000006814,1027
938688461,https://www.iphonecake.com/app_938688461_.html,http://ios.hipstore.mobi/app/Mi-Fit/1000006802,1419
1055231097,https://www.iphonecake.com/app_1055231097_.html,http://ios.hipstore.mobi/app/Fusion-War-Free-Global-PVP-Shooter/1000006758,1456
1065621093,https://www.iphonecake.com/app_1065621093_.html,http://ios.hipstore.mobi/app/PE-Mods-Custom-Keyboard-for-Minecraft-Pocket-Edition/1000006742,1888
1058184327,https://www.iphonecake.com/app_1058184327_.html,http://ios.hipstore.mobi/app/Tam-Linh-Dien-Tich-Nghe-va-Doc/1000006718,1738
524289568,https://www.iphonecake.com/app_524289568_.html,http://ios.hipstore.mobi/app/MarbleCam/1000006700,1925
928001086,https://www.iphonecake.com/app_928001086_.html,http://ios.hipstore.mobi/app/FlixTV/1000006690,1488
891734610,https://www.iphonecake.com/app_891734610_.html,http://ios.hipstore.mobi/app/Lockdown-Pro-Password-Manager/1000006688,1509
992357547,https://www.iphonecake.com/app_992357547_.html,http://ios.hipstore.mobi/app/Zing-MP3-Dinh-Cao-Am-Nhac/1000006678,1280
824793454,https://www.iphonecake.com/app_824793454_.html,http://ios.hipstore.mobi/app/Toy-Car-RC-Drive-a-Virtual-Car-in-the-Real-World-with-Augmented-Reality/1000006669,1696
